id	original_gene_name	cluster_name	gene	type	sample_count	new_variants_found
erm_B_10_U86375.R	erm(B)_10_U86375	0	erm_B_10_U86375	Reference	548	2
erm_B_23_X72021.R	erm(B)_23_X72021	0	erm_B_23_X72021	Reference	401	3
erm_B_12_U18931.R	erm(B)_12_U18931	0	erm_B_12_U18931	Reference	317	0
erm_B_1_JN899585.R	erm(B)_1_JN899585	0	erm_B_1_JN899585	Reference	176	0
erm_B_20_AF109075.v1	erm(B)_20_AF109075	0	erm_B_20_AF109075	Variant	121	NA
erm_B_18_X66468.v2	erm(B)_18_X66468	0	erm_B_18_X66468	Variant	78	NA
erm_B_18_X66468.v1	erm(B)_18_X66468	0	erm_B_18_X66468	Variant	41	NA
erm_B_9_AF299292.R	erm(B)_9_AF299292	0	erm_B_9_AF299292	Reference	39	0
erm_B_20_AF109075.R	erm(B)_20_AF109075	0	erm_B_20_AF109075	Reference	3	1
erm_B_6_AF242872.R	erm(B)_6_AF242872	0	erm_B_6_AF242872	Reference	2	0
erm_B_23_X72021.v3	erm(B)_23_X72021	0	erm_B_23_X72021	Variant	1	NA
erm_B_23_X72021.v2	erm(B)_23_X72021	0	erm_B_23_X72021	Variant	1	NA
erm_B_23_X72021.v1	erm(B)_23_X72021	0	erm_B_23_X72021	Variant	1	NA
erm_B_10_U86375.v2	erm(B)_10_U86375	0	erm_B_10_U86375	Variant	1	NA
erm_B_10_U86375.v1	erm(B)_10_U86375	0	erm_B_10_U86375	Variant	1	NA
erm_B_18_X66468.R	erm(B)_18_X66468	0	erm_B_18_X66468	Reference	0	2
blaOXA_333_1_KF203107.R	blaOXA-333_1_KF203107	1	blaOXA_333_1_KF203107	Reference	286	0
blaOXA_211_1_JN861779.R	blaOXA-211_1_JN861779	1	blaOXA_211_1_JN861779	Reference	161	0
blaOXA_280_1_APPZ01000001.R	blaOXA-280_1_APPZ01000001	1	blaOXA_280_1_APPZ01000001	Reference	44	2
blaOXA_334_1_KF203108.R	blaOXA-334_1_KF203108	1	blaOXA_334_1_KF203108	Reference	33	1
blaOXA_281_1_APON01000041.R	blaOXA-281_1_APON01000041	1	blaOXA_281_1_APON01000041	Reference	13	0
blaOXA_334_1_KF203108.v1	blaOXA-334_1_KF203108	1	blaOXA_334_1_KF203108	Variant	10	NA
blaOXA_373_1_HG931732.R	blaOXA-373_1_HG931732	1	blaOXA_373_1_HG931732	Reference	4	0
blaOXA_280_1_APPZ01000001.v2	blaOXA-280_1_APPZ01000001	1	blaOXA_280_1_APPZ01000001	Variant	1	NA
blaOXA_280_1_APPZ01000001.v1	blaOXA-280_1_APPZ01000001	1	blaOXA_280_1_APPZ01000001	Variant	1	NA
blaOXA_212_1_JN861780.v3	blaOXA-212_1_JN861780	1	blaOXA_212_1_JN861780	Variant	1	NA
blaOXA_212_1_JN861780.v2	blaOXA-212_1_JN861780	1	blaOXA_212_1_JN861780	Variant	1	NA
blaOXA_212_1_JN861780.v1	blaOXA-212_1_JN861780	1	blaOXA_212_1_JN861780	Variant	1	NA
blaOXA_212_1_JN861780.R	blaOXA-212_1_JN861780	1	blaOXA_212_1_JN861780	Reference	1	3
blaOXA_10_1_J03427.R	blaOXA-10_1_J03427	2	blaOXA_10_1_J03427	Reference	762	0
blaOXA_101_1_AM412777.R	blaOXA-101_1_AM412777	2	blaOXA_101_1_AM412777	Reference	425	1
blaOXA_17_1_DQ902344.R	blaOXA-17_1_DQ902344	2	blaOXA_17_1_DQ902344	Reference	94	0
blaOXA_35_1_AF315786.R	blaOXA-35_1_AF315786	2	blaOXA_35_1_AF315786	Reference	22	0
blaOXA_256_1_HE616889.R	blaOXA-256_1_HE616889	2	blaOXA_256_1_HE616889	Reference	18	1
blaOXA_74_1_EU161636.R	blaOXA-74_1_EU161636	2	blaOXA_74_1_EU161636	Reference	8	0
blaOXA_246_1_EU886980.R	blaOXA-246_1_EU886980	2	blaOXA_246_1_EU886980	Reference	5	0
blaOXA_101_1_AM412777.v1	blaOXA-101_1_AM412777	2	blaOXA_101_1_AM412777	Variant	4	NA
blaOXA_56_1_AY445080.R	blaOXA-56_1_AY445080	2	blaOXA_56_1_AY445080	Reference	1	0
blaOXA_520_1_KX388630.R	blaOXA-520_1_KX388630	2	blaOXA_520_1_KX388630	Reference	1	0
blaOXA_256_1_HE616889.v1	blaOXA-256_1_HE616889	2	blaOXA_256_1_HE616889	Variant	1	NA
blaOXA_14_1_KJ420612.R	blaOXA-14_1_KJ420612	2	blaOXA_14_1_KJ420612	Reference	1	0
blaGES_5_1_DQ236171.R	blaGES-5_1_DQ236171	3	blaGES_5_1_DQ236171	Reference	451	0
blaGES_1_1_HQ170511.R	blaGES-1_1_HQ170511	3	blaGES_1_1_HQ170511	Reference	126	0
blaGES_2_1_AF326355.R	blaGES-2_1_AF326355	3	blaGES_2_1_AF326355	Reference	100	1
blaGES_13_1_GU169702.R	blaGES-13_1_GU169702	3	blaGES_13_1_GU169702	Reference	30	0
blaGES_7_1_HM453325.R	blaGES-7_1_HM453325	3	blaGES_7_1_HM453325	Reference	15	0
blaGES_6_1_AY494718.R	blaGES-6_1_AY494718	3	blaGES_6_1_AY494718	Reference	9	0
blaGES_16_1_HM173356.R	blaGES-16_1_HM173356	3	blaGES_16_1_HM173356	Reference	6	0
blaGES_9_1_AY920928.R	blaGES-9_1_AY920928	3	blaGES_9_1_AY920928	Reference	2	0
blaGES_4_1_AB116723.R	blaGES-4_1_AB116723	3	blaGES_4_1_AB116723	Reference	2	0
blaGES_3_1_AB113580.R	blaGES-3_1_AB113580	3	blaGES_3_1_AB113580	Reference	1	0
blaGES_2_1_AF326355.v1	blaGES-2_1_AF326355	3	blaGES_2_1_AF326355	Variant	1	NA
blaGES_14_1_GU207844.R	blaGES-14_1_GU207844	3	blaGES_14_1_GU207844	Reference	1	0
mef_A_4_HG423652.v1	mef(A)_4_HG423652	4	mef_A_4_HG423652	Variant	29	NA
mef_A_4_HG423652.v4	mef(A)_4_HG423652	4	mef_A_4_HG423652	Variant	11	NA
mef_A_4_HG423652.v3	mef(A)_4_HG423652	4	mef_A_4_HG423652	Variant	8	NA
mef_A_4_HG423652.v9	mef(A)_4_HG423652	4	mef_A_4_HG423652	Variant	5	NA
mef_A_4_HG423652.v5	mef(A)_4_HG423652	4	mef_A_4_HG423652	Variant	4	NA
mef_A_4_HG423652.v2	mef(A)_4_HG423652	4	mef_A_4_HG423652	Variant	4	NA
mef_A_4_HG423652.v7	mef(A)_4_HG423652	4	mef_A_4_HG423652	Variant	3	NA
mef_A_4_HG423652.v6	mef(A)_4_HG423652	4	mef_A_4_HG423652	Variant	3	NA
mef_A_4_HG423652.v8	mef(A)_4_HG423652	4	mef_A_4_HG423652	Variant	1	NA
mef_A_4_HG423652.v11	mef(A)_4_HG423652	4	mef_A_4_HG423652	Variant	1	NA
mef_A_4_HG423652.v10	mef(A)_4_HG423652	4	mef_A_4_HG423652	Variant	1	NA
mef_A_4_HG423652.R	mef(A)_4_HG423652	4	mef_A_4_HG423652	Reference	0	11
oqxA_1_EU370913.v5	oqxA_1_EU370913	5	oqxA_1_EU370913	Variant	3	NA
oqxA_1_EU370913.v9	oqxA_1_EU370913	5	oqxA_1_EU370913	Variant	2	NA
oqxA_1_EU370913.v4	oqxA_1_EU370913	5	oqxA_1_EU370913	Variant	2	NA
oqxA_1_EU370913.v8	oqxA_1_EU370913	5	oqxA_1_EU370913	Variant	1	NA
oqxA_1_EU370913.v7	oqxA_1_EU370913	5	oqxA_1_EU370913	Variant	1	NA
oqxA_1_EU370913.v6	oqxA_1_EU370913	5	oqxA_1_EU370913	Variant	1	NA
oqxA_1_EU370913.v3	oqxA_1_EU370913	5	oqxA_1_EU370913	Variant	1	NA
oqxA_1_EU370913.v2	oqxA_1_EU370913	5	oqxA_1_EU370913	Variant	1	NA
oqxA_1_EU370913.v11	oqxA_1_EU370913	5	oqxA_1_EU370913	Variant	1	NA
oqxA_1_EU370913.v10	oqxA_1_EU370913	5	oqxA_1_EU370913	Variant	1	NA
oqxA_1_EU370913.v1	oqxA_1_EU370913	5	oqxA_1_EU370913	Variant	1	NA
oqxA_1_EU370913.R	oqxA_1_EU370913	5	oqxA_1_EU370913	Reference	0	11
blaTEM_1B_1_AY458016.R	blaTEM-1B_1_AY458016	6	blaTEM_1B_1_AY458016	Reference	319	0
blaTEM_1C_1_FJ560503.R	blaTEM-1C_1_FJ560503	6	blaTEM_1C_1_FJ560503	Reference	12	0
blaTEM_1A_1_HM749966.R	blaTEM-1A_1_HM749966	6	blaTEM_1A_1_HM749966	Reference	11	0
blaTEM_176_1_GU550123.R	blaTEM-176_1_GU550123	6	blaTEM_176_1_GU550123	Reference	6	0
blaTEM_215_1_KP050492.R	blaTEM-215_1_KP050492	6	blaTEM_215_1_KP050492	Reference	3	0
blaTEM_15_1_AM849805.R	blaTEM-15_1_AM849805	6	blaTEM_15_1_AM849805	Reference	2	0
blaTEM_116_1_AY425988.R	blaTEM-116_1_AY425988	6	blaTEM_116_1_AY425988	Reference	2	0
blaTEM_40_1_FR717535.R	blaTEM-40_1_FR717535	6	blaTEM_40_1_FR717535	Reference	1	0
blaTEM_35_1_KP860986.R	blaTEM-35_1_KP860986	6	blaTEM_35_1_KP860986	Reference	1	0
blaTEM_33_1_GU371926.R	blaTEM-33_1_GU371926	6	blaTEM_33_1_GU371926	Reference	1	0
blaTEM_30_1_AJ437107.R	blaTEM-30_1_AJ437107	6	blaTEM_30_1_AJ437107	Reference	1	0
blaTEM_135_1_GQ896333.R	blaTEM-135_1_GQ896333	6	blaTEM_135_1_GQ896333	Reference	1	0
sul2_2_AY034138.R	sul2_2_AY034138	7	sul2_2_AY034138	Reference	774	0
sul2_3_HQ840942.R	sul2_3_HQ840942	7	sul2_3_HQ840942	Reference	14	0
sul2_18_AJ830714.R	sul2_18_AJ830714	7	sul2_18_AJ830714	Reference	8	0
sul2_6_FN995456.R	sul2_6_FN995456	7	sul2_6_FN995456	Reference	6	0
sul2_11_AY232670.R	sul2_11_AY232670	7	sul2_11_AY232670	Reference	3	0
sul2_10_AM183225.R	sul2_10_AM183225	7	sul2_10_AM183225	Reference	3	0
sul2_9_FJ197818.R	sul2_9_FJ197818	7	sul2_9_FJ197818	Reference	2	0
sul2_13_AJ289135.v1	sul2_13_AJ289135	7	sul2_13_AJ289135	Variant	2	NA
sul2_12_AF497970.R	sul2_12_AF497970	7	sul2_12_AF497970	Reference	2	0
sul2_17_U57647.R	sul2_17_U57647	7	sul2_17_U57647	Reference	1	0
sul2_13_AJ289135.R	sul2_13_AJ289135	7	sul2_13_AJ289135	Reference	0	1
aadA2_2_JQ364967.R	aadA2_2_JQ364967	8	aadA2_2_JQ364967	Reference	22	0
aadA2_1_NC_010870.R	aadA2_1_NC_010870	8	aadA2_1_NC_010870	Reference	17	3
aadA2_1_NC_010870.v1	aadA2_1_NC_010870	8	aadA2_1_NC_010870	Variant	12	NA
aadA3_1_AF047479.v1	aadA3_1_AF047479	8	aadA3_1_AF047479	Variant	3	NA
aadA8b_1_AY139603.R	aadA8b_1_AY139603	8	aadA8b_1_AY139603	Reference	2	0
aadA8_1_AF326210.v1	aadA8_1_AF326210	8	aadA8_1_AF326210	Variant	2	NA
aadA3_1_AF047479.R	aadA3_1_AF047479	8	aadA3_1_AF047479	Reference	1	1
aadA2_1_NC_010870.v3	aadA2_1_NC_010870	8	aadA2_1_NC_010870	Variant	1	NA
aadA2_1_NC_010870.v2	aadA2_1_NC_010870	8	aadA2_1_NC_010870	Variant	1	NA
aadA8_1_AF326210.R	aadA8_1_AF326210	8	aadA8_1_AF326210	Reference	0	1
blaOXA_1_1_HQ170510.R	blaOXA-1_1_HQ170510	9	blaOXA_1_1_HQ170510	Reference	109	0
blaOXA_4_1_AY162283.R	blaOXA-4_1_AY162283	9	blaOXA_4_1_AY162283	Reference	74	2
blaOXA_392_1_AB901044.R	blaOXA-392_1_AB901044	9	blaOXA_392_1_AB901044	Reference	57	5
blaOXA_4_1_AY162283.v1	blaOXA-4_1_AY162283	9	blaOXA_4_1_AY162283	Variant	2	NA
blaOXA_392_1_AB901044.v4	blaOXA-392_1_AB901044	9	blaOXA_392_1_AB901044	Variant	2	NA
blaOXA_392_1_AB901044.v1	blaOXA-392_1_AB901044	9	blaOXA_392_1_AB901044	Variant	2	NA
blaOXA_4_1_AY162283.v2	blaOXA-4_1_AY162283	9	blaOXA_4_1_AY162283	Variant	1	NA
blaOXA_392_1_AB901044.v5	blaOXA-392_1_AB901044	9	blaOXA_392_1_AB901044	Variant	1	NA
blaOXA_392_1_AB901044.v3	blaOXA-392_1_AB901044	9	blaOXA_392_1_AB901044	Variant	1	NA
blaOXA_392_1_AB901044.v2	blaOXA-392_1_AB901044	9	blaOXA_392_1_AB901044	Variant	1	NA
ant_2_Ia_1_X04555.R	ant(2'')-Ia_1_X04555	10	ant_2_Ia_1_X04555	Reference	270	0
ant_2_Ia_6_AJ871915.R	ant(2'')-Ia_6_AJ871915	10	ant_2_Ia_6_AJ871915	Reference	69	1
ant_2_Ia_20_AY139599.R	ant(2'')-Ia_20_AY139599	10	ant_2_Ia_20_AY139599	Reference	13	0
ant_2_Ia_13_DQ176450.R	ant(2'')-Ia_13_DQ176450	10	ant_2_Ia_13_DQ176450	Reference	9	1
ant_2_Ia_9_HM367610.R	ant(2'')-Ia_9_HM367610	10	ant_2_Ia_9_HM367610	Reference	8	0
ant_2_Ia_6_AJ871915.v1	ant(2'')-Ia_6_AJ871915	10	ant_2_Ia_6_AJ871915	Variant	1	NA
ant_2_Ia_19_GQ466184.v1	ant(2'')-Ia_19_GQ466184	10	ant_2_Ia_19_GQ466184	Variant	1	NA
ant_2_Ia_13_DQ176450.v1	ant(2'')-Ia_13_DQ176450	10	ant_2_Ia_13_DQ176450	Variant	1	NA
ant_2_Ia_19_GQ466184.R	ant(2'')-Ia_19_GQ466184	10	ant_2_Ia_19_GQ466184	Reference	0	1
sul1_9_AY963803.R	sul1_9_AY963803	11	sul1_9_AY963803	Reference	561	0
sul1_36_X15024.R	sul1_36_X15024	11	sul1_36_X15024	Reference	182	0
sul1_20_JF262165.R	sul1_20_JF262165	11	sul1_20_JF262165	Reference	49	0
sul1_38_BX248359.R	sul1_38_BX248359	11	sul1_38_BX248359	Reference	20	0
sul1_5_EU780013.R	sul1_5_EU780013	11	sul1_5_EU780013	Reference	16	0
sul1_2_U12338.R	sul1_2_U12338	11	sul1_2_U12338	Reference	15	0
sul1_8_JN581942.R	sul1_8_JN581942	11	sul1_8_JN581942	Reference	2	0
sul1_3_EU855787.R	sul1_3_EU855787	11	sul1_3_EU855787	Reference	2	0
sul1_33_AJ564903.R	sul1_33_AJ564903	11	sul1_33_AJ564903	Reference	2	0
tet_Q_1_L33696.v1	tet(Q)_1_L33696	12	tet_Q_1_L33696	Variant	88	NA
tet_Q_4_Z21523.R	tet(Q)_4_Z21523	12	tet_Q_4_Z21523	Reference	52	1
tet_Q_1_L33696.v3	tet(Q)_1_L33696	12	tet_Q_1_L33696	Variant	38	NA
tet_Q_2_X58717.R	tet(Q)_2_X58717	12	tet_Q_2_X58717	Reference	27	1
tet_Q_1_L33696.v2	tet(Q)_1_L33696	12	tet_Q_1_L33696	Variant	18	NA
tet_Q_1_L33696.v4	tet(Q)_1_L33696	12	tet_Q_1_L33696	Variant	9	NA
tet_Q_4_Z21523.v1	tet(Q)_4_Z21523	12	tet_Q_4_Z21523	Variant	5	NA
tet_Q_2_X58717.v1	tet(Q)_2_X58717	12	tet_Q_2_X58717	Variant	4	NA
tet_Q_1_L33696.R	tet(Q)_1_L33696	12	tet_Q_1_L33696	Reference	4	4
cmlA1_2_AB212941.R	cmlA1_2_AB212941	13	cmlA1_2_AB212941	Reference	64	2
cmlA1_1_M64556.v1	cmlA1_1_M64556	13	cmlA1_1_M64556	Variant	45	NA
cmlA1_1_M64556.v2	cmlA1_1_M64556	13	cmlA1_1_M64556	Variant	12	NA
cmlA1_1_M64556.v3	cmlA1_1_M64556	13	cmlA1_1_M64556	Variant	6	NA
cmlA1_1_M64556.v4	cmlA1_1_M64556	13	cmlA1_1_M64556	Variant	4	NA
cmlA1_2_AB212941.v2	cmlA1_2_AB212941	13	cmlA1_2_AB212941	Variant	3	NA
cmlA1_2_AB212941.v1	cmlA1_2_AB212941	13	cmlA1_2_AB212941	Variant	1	NA
cmlA1_1_M64556.v5	cmlA1_1_M64556	13	cmlA1_1_M64556	Variant	1	NA
cmlA1_1_M64556.R	cmlA1_1_M64556	13	cmlA1_1_M64556	Reference	0	5
lsa_E_1_JX560992.v1	lsa(E)_1_JX560992	14	lsa_E_1_JX560992	Variant	62	NA
lsa_E_1_JX560992.v2	lsa(E)_1_JX560992	14	lsa_E_1_JX560992	Variant	15	NA
lsa_E_1_JX560992.R	lsa(E)_1_JX560992	14	lsa_E_1_JX560992	Reference	11	7
lsa_E_1_JX560992.v3	lsa(E)_1_JX560992	14	lsa_E_1_JX560992	Variant	4	NA
lsa_E_1_JX560992.v4	lsa(E)_1_JX560992	14	lsa_E_1_JX560992	Variant	2	NA
lsa_E_1_JX560992.v7	lsa(E)_1_JX560992	14	lsa_E_1_JX560992	Variant	1	NA
lsa_E_1_JX560992.v6	lsa(E)_1_JX560992	14	lsa_E_1_JX560992	Variant	1	NA
lsa_E_1_JX560992.v5	lsa(E)_1_JX560992	14	lsa_E_1_JX560992	Variant	1	NA
ant_3_Ia_1_X02340.R	ant(3'')-Ia_1_X02340	15	ant_3_Ia_1_X02340	Reference	136	1
aadA1_4_JQ480156.R	aadA1_4_JQ480156	15	aadA1_4_JQ480156	Reference	33	0
aadA1_3_JQ414041.R	aadA1_3_JQ414041	15	aadA1_3_JQ414041	Reference	28	0
aadA1b_1_M95287.R	aadA1b_1_M95287	15	aadA1b_1_M95287	Reference	19	0
aadA1_5_JX185132.R	aadA1_5_JX185132	15	aadA1_5_JX185132	Reference	9	0
aadA22_1_AM261837.R	aadA22_1_AM261837	15	aadA22_1_AM261837	Reference	3	0
ant_3_Ia_1_X02340.v1	ant(3'')-Ia_1_X02340	15	ant_3_Ia_1_X02340	Variant	2	NA
aadA24_1_DQ677333.R	aadA24_1_DQ677333	15	aadA24_1_DQ677333	Reference	1	0
msr_D_3_AF227520.v1	msr(D)_3_AF227520	16	msr_D_3_AF227520	Variant	24	NA
msr_D_2_AF274302.R	msr(D)_2_AF274302	16	msr_D_2_AF274302	Reference	4	2
msr_D_3_AF227520.v3	msr(D)_3_AF227520	16	msr_D_3_AF227520	Variant	1	NA
msr_D_3_AF227520.v2	msr(D)_3_AF227520	16	msr_D_3_AF227520	Variant	1	NA
msr_D_2_AF274302.v2	msr(D)_2_AF274302	16	msr_D_2_AF274302	Variant	1	NA
msr_D_2_AF274302.v1	msr(D)_2_AF274302	16	msr_D_2_AF274302	Variant	1	NA
msr_D_3_AF227520.R	msr(D)_3_AF227520	16	msr_D_3_AF227520	Reference	0	3
tet_W_5_AJ427422.R	tet(W)_5_AJ427422	17	tet_W_5_AJ427422	Reference	739	0
tet_W_3_AJ427421.v1	tet(W)_3_AJ427421	17	tet_W_3_AJ427421	Variant	33	NA
tet_W_1_DQ060146.R	tet(W)_1_DQ060146	17	tet_W_1_DQ060146	Reference	22	0
tet_O_W_2_1_AY485122.R	tet(O/W)-2_1_AY485122	17	tet_O_W_2_1_AY485122	Reference	5	0
tet_W_3_AJ427421.v2	tet(W)_3_AJ427421	17	tet_W_3_AJ427421	Variant	3	NA
tet_W_4_FN396364.R	tet(W)_4_FN396364	17	tet_W_4_FN396364	Reference	2	0
tet_W_3_AJ427421.R	tet(W)_3_AJ427421	17	tet_W_3_AJ427421	Reference	0	2
lnu_B_2_JQ861959.R	lnu(B)_2_JQ861959	18	lnu_B_2_JQ861959	Reference	233	6
lnu_B_2_JQ861959.v1	lnu(B)_2_JQ861959	18	lnu_B_2_JQ861959	Variant	9	NA
lnu_B_2_JQ861959.v2	lnu(B)_2_JQ861959	18	lnu_B_2_JQ861959	Variant	5	NA
lnu_B_2_JQ861959.v3	lnu(B)_2_JQ861959	18	lnu_B_2_JQ861959	Variant	3	NA
lnu_B_2_JQ861959.v5	lnu(B)_2_JQ861959	18	lnu_B_2_JQ861959	Variant	2	NA
lnu_B_2_JQ861959.v6	lnu(B)_2_JQ861959	18	lnu_B_2_JQ861959	Variant	1	NA
lnu_B_2_JQ861959.v4	lnu(B)_2_JQ861959	18	lnu_B_2_JQ861959	Variant	1	NA
blaCARB_8_1_AY178993.R	blaCARB-8_1_AY178993	19	blaCARB_8_1_AY178993	Reference	68	1
blaCARB_10_1_EU850412.v1	blaCARB-10_1_EU850412	19	blaCARB_10_1_EU850412	Variant	43	NA
blaCARB_16_1_HF953351.R	blaCARB-16_1_HF953351	19	blaCARB_16_1_HF953351	Reference	27	0
blaCARB_10_1_EU850412.v2	blaCARB-10_1_EU850412	19	blaCARB_10_1_EU850412	Variant	2	NA
blaCARB_8_1_AY178993.v1	blaCARB-8_1_AY178993	19	blaCARB_8_1_AY178993	Variant	1	NA
blaCARB_5_1_AF135373.R	blaCARB-5_1_AF135373	19	blaCARB_5_1_AF135373	Reference	1	0
blaCARB_10_1_EU850412.R	blaCARB-10_1_EU850412	19	blaCARB_10_1_EU850412	Reference	0	2
aadA5_1_AF137361.R	aadA5_1_AF137361	20	aadA5_1_AF137361	Reference	446	3
aadA4_1_Z50802.v1	aadA4_1_Z50802	20	aadA4_1_Z50802	Variant	121	NA
aadA5_1_AF137361.v1	aadA5_1_AF137361	20	aadA5_1_AF137361	Variant	9	NA
aadA5_1_AF137361.v2	aadA5_1_AF137361	20	aadA5_1_AF137361	Variant	2	NA
aadA5_1_AF137361.v3	aadA5_1_AF137361	20	aadA5_1_AF137361	Variant	1	NA
aadA4_1_Z50802.R	aadA4_1_Z50802	20	aadA4_1_Z50802	Reference	0	1
erm_G_1_M15332.R	erm(G)_1_M15332	21	erm_G_1_M15332	Reference	45	5
erm_G_1_M15332.v5	erm(G)_1_M15332	21	erm_G_1_M15332	Variant	1	NA
erm_G_1_M15332.v4	erm(G)_1_M15332	21	erm_G_1_M15332	Variant	1	NA
erm_G_1_M15332.v3	erm(G)_1_M15332	21	erm_G_1_M15332	Variant	1	NA
erm_G_1_M15332.v2	erm(G)_1_M15332	21	erm_G_1_M15332	Variant	1	NA
erm_G_1_M15332.v1	erm(G)_1_M15332	21	erm_G_1_M15332	Variant	1	NA
aadA7_1_AF224733.R	aadA7_1_AF224733	22	aadA7_1_AF224733	Reference	67	5
aadA7_1_AF224733.v3	aadA7_1_AF224733	22	aadA7_1_AF224733	Variant	6	NA
aadA7_1_AF224733.v1	aadA7_1_AF224733	22	aadA7_1_AF224733	Variant	6	NA
aadA7_1_AF224733.v2	aadA7_1_AF224733	22	aadA7_1_AF224733	Variant	2	NA
aadA7_1_AF224733.v5	aadA7_1_AF224733	22	aadA7_1_AF224733	Variant	1	NA
aadA7_1_AF224733.v4	aadA7_1_AF224733	22	aadA7_1_AF224733	Variant	1	NA
erm_F_3_M17808.R	erm(F)_3_M17808	23	erm_F_3_M17808	Reference	350	5
erm_F_3_M17808.v2	erm(F)_3_M17808	23	erm_F_3_M17808	Variant	64	NA
erm_F_3_M17808.v4	erm(F)_3_M17808	23	erm_F_3_M17808	Variant	11	NA
erm_F_3_M17808.v3	erm(F)_3_M17808	23	erm_F_3_M17808	Variant	5	NA
erm_F_3_M17808.v1	erm(F)_3_M17808	23	erm_F_3_M17808	Variant	3	NA
erm_F_3_M17808.v5	erm(F)_3_M17808	23	erm_F_3_M17808	Variant	1	NA
tet_C_2_AY046276.R	tet(C)_2_AY046276	24	tet_C_2_AY046276	Reference	29	1
tet_C_3_AF055345.v1	tet(C)_3_AF055345	24	tet_C_3_AF055345	Variant	11	NA
tet_C_2_AY046276.v1	tet(C)_2_AY046276	24	tet_C_2_AY046276	Variant	3	NA
tet_C_1_NC_003123.v1	tet(C)_1_NC_003123	24	tet_C_1_NC_003123	Variant	1	NA
tet_C_1_NC_003123.R	tet(C)_1_NC_003123	24	tet_C_1_NC_003123	Reference	1	1
tet_C_3_AF055345.R	tet(C)_3_AF055345	24	tet_C_3_AF055345	Reference	0	1
blaCMY_4_1_LNHZ01000079.R	blaCMY-4_1_LNHZ01000079	25	blaCMY_4_1_LNHZ01000079	Reference	74	0
blaCMY_2_1_X91840.R	blaCMY-2_1_X91840	25	blaCMY_2_1_X91840	Reference	20	0
blaCMY_42_1_HM146927.R	blaCMY-42_1_HM146927	25	blaCMY_42_1_HM146927	Reference	1	0
blaCMY_35_1_EF394371.R	blaCMY-35_1_EF394371	25	blaCMY_35_1_EF394371	Reference	1	0
blaCMY_34_1_EF394370.R	blaCMY-34_1_EF394370	25	blaCMY_34_1_EF394370	Reference	1	0
blaCMY_13_1_AY339625.R	blaCMY-13_1_AY339625	25	blaCMY_13_1_AY339625	Reference	1	0
aph_3_Ia_7_X62115.R	aph(3')-Ia_7_X62115	26	aph_3_Ia_7_X62115	Reference	68	0
aph_3_Ia_1_V00359.R	aph(3')-Ia_1_V00359	26	aph_3_Ia_1_V00359	Reference	19	1
aph_3_Ia_5_AP004237.R	aph(3')-Ia_5_AP004237	26	aph_3_Ia_5_AP004237	Reference	2	0
aph_3_Ia_3_EF015636.v1	aph(3')-Ia_3_EF015636	26	aph_3_Ia_3_EF015636	Variant	1	NA
aph_3_Ia_1_V00359.v1	aph(3')-Ia_1_V00359	26	aph_3_Ia_1_V00359	Variant	1	NA
aph_3_Ia_3_EF015636.R	aph(3')-Ia_3_EF015636	26	aph_3_Ia_3_EF015636	Reference	0	1
tet_A_6_AF534183.R	tet(A)_6_AF534183	27	tet_A_6_AF534183	Reference	215	1
tet_A_4_AJ517790.R	tet(A)_4_AJ517790	27	tet_A_4_AJ517790	Reference	4	1
tet_A_3_AY196695.R	tet(A)_3_AY196695	27	tet_A_3_AY196695	Reference	3	1
tet_A_6_AF534183.v1	tet(A)_6_AF534183	27	tet_A_6_AF534183	Variant	1	NA
tet_A_4_AJ517790.v1	tet(A)_4_AJ517790	27	tet_A_4_AJ517790	Variant	1	NA
tet_A_3_AY196695.v1	tet(A)_3_AY196695	27	tet_A_3_AY196695	Variant	1	NA
tet_O_3_Y07780.R	tet(O)_3_Y07780	28	tet_O_3_Y07780	Reference	117	3
tet_O_2_M20925.R	tet(O)_2_M20925	28	tet_O_2_M20925	Reference	74	1
tet_O_2_M20925.v1	tet(O)_2_M20925	28	tet_O_2_M20925	Variant	3	NA
tet_O_3_Y07780.v3	tet(O)_3_Y07780	28	tet_O_3_Y07780	Variant	2	NA
tet_O_3_Y07780.v1	tet(O)_3_Y07780	28	tet_O_3_Y07780	Variant	2	NA
tet_O_3_Y07780.v2	tet(O)_3_Y07780	28	tet_O_3_Y07780	Variant	1	NA
tet_O_32_O_5_FP929050.R	tet(O/32/O)_5_FP929050	29	tet_O_32_O_5_FP929050	Reference	39	2
tet_O_32_O_4_AIOQ01000025.R	tet(O/32/O)_4_AIOQ01000025	29	tet_O_32_O_4_AIOQ01000025	Reference	5	0
tet_O_32_O_3_NZ_AUJS01000017.R	tet(O/32/O)_3_NZ_AUJS01000017	29	tet_O_32_O_3_NZ_AUJS01000017	Reference	2	0
tet_O_32_O_5_FP929050.v2	tet(O/32/O)_5_FP929050	29	tet_O_32_O_5_FP929050	Variant	1	NA
tet_O_32_O_5_FP929050.v1	tet(O/32/O)_5_FP929050	29	tet_O_32_O_5_FP929050	Variant	1	NA
aadA16_1_EU675686.v2	aadA16_1_EU675686	30	aadA16_1_EU675686	Variant	6	NA
aadA16_1_EU675686.v1	aadA16_1_EU675686	30	aadA16_1_EU675686	Variant	6	NA
aadA16_1_EU675686.v4	aadA16_1_EU675686	30	aadA16_1_EU675686	Variant	4	NA
aadA16_1_EU675686.v3	aadA16_1_EU675686	30	aadA16_1_EU675686	Variant	3	NA
aadA16_1_EU675686.R	aadA16_1_EU675686	30	aadA16_1_EU675686	Reference	0	4
aac_6_aph_2_1_M13771.R	aac(6')-aph(2'')_1_M13771	31	aac_6_aph_2_1_M13771	Reference	87	1
aph_2_Ia_2_AP009486.v2	aph(2'')-Ia_2_AP009486	31	aph_2_Ia_2_AP009486	Variant	1	NA
aph_2_Ia_2_AP009486.v1	aph(2'')-Ia_2_AP009486	31	aph_2_Ia_2_AP009486	Variant	1	NA
aph_2_Ia_2_AP009486.R	aph(2'')-Ia_2_AP009486	31	aph_2_Ia_2_AP009486	Reference	1	2
aac_6_aph_2_1_M13771.v1	aac(6')-aph(2'')_1_M13771	31	aac_6_aph_2_1_M13771	Variant	1	NA
aac_6_Ib_cr_1_DQ303918.R	aac(6')-Ib-cr_1_DQ303918	32	aac_6_Ib_cr_1_DQ303918	Reference	38	0
aac_6_Ib_cr_2_EF636461.R	aac(6')-Ib-cr_2_EF636461	32	aac_6_Ib_cr_2_EF636461	Reference	4	0
aac_6_Ib_1_M21682.R	aac(6')-Ib_1_M21682	32	aac_6_Ib_1_M21682	Reference	2	0
aac_6_Ib3_1_X60321.v1	aac(6')-Ib3_1_X60321	32	aac_6_Ib3_1_X60321	Variant	2	NA
aac_6_Ib3_1_X60321.R	aac(6')-Ib3_1_X60321	32	aac_6_Ib3_1_X60321	Reference	2	1
blaVEB_1_1_HM370393.R	blaVEB-1_1_HM370393	33	blaVEB_1_1_HM370393	Reference	101	0
blaVEB_1_3_DQ393569.R	blaVEB-1_3_DQ393569	33	blaVEB_1_3_DQ393569	Reference	73	0
blaVEB_3_1_AY536519.R	blaVEB-3_1_AY536519	33	blaVEB_3_1_AY536519	Reference	40	0
blaVEB_1_4_AF324834.R	blaVEB-1_4_AF324834	33	blaVEB_1_4_AF324834	Reference	7	0
blaVEB_7_1_FJ825622.R	blaVEB-7_1_FJ825622	33	blaVEB_7_1_FJ825622	Reference	1	0
blaAER_1_1_U14748.v1	blaAER-1_1_U14748	34	blaAER_1_1_U14748	Variant	11	NA
blaAER_1_1_U14748.v2	blaAER-1_1_U14748	34	blaAER_1_1_U14748	Variant	2	NA
blaAER_1_1_U14748.v4	blaAER-1_1_U14748	34	blaAER_1_1_U14748	Variant	1	NA
blaAER_1_1_U14748.v3	blaAER-1_1_U14748	34	blaAER_1_1_U14748	Variant	1	NA
blaAER_1_1_U14748.R	blaAER-1_1_U14748	34	blaAER_1_1_U14748	Reference	0	4
mph_A_1_D16251.R	mph(A)_1_D16251	35	mph_A_1_D16251	Reference	222	2
mph_A_1_D16251.v2	mph(A)_1_D16251	35	mph_A_1_D16251	Variant	2	NA
mph_A_2_U36578.v1	mph(A)_2_U36578	35	mph_A_2_U36578	Variant	1	NA
mph_A_1_D16251.v1	mph(A)_1_D16251	35	mph_A_1_D16251	Variant	1	NA
mph_A_2_U36578.R	mph(A)_2_U36578	35	mph_A_2_U36578	Reference	0	1
qnrB6_2_EF523819.R	qnrB6_2_EF523819	36	qnrB6_2_EF523819	Reference	5	0
qnrB1_1_DQ351241.R	qnrB1_1_DQ351241	36	qnrB1_1_DQ351241	Reference	4	0
qnrB7_1_EU043311.R	qnrB7_1_EU043311	36	qnrB7_1_EU043311	Reference	3	0
qnrB9_1_EF526508.R	qnrB9_1_EF526508	36	qnrB9_1_EF526508	Reference	2	0
qnrB2_1_DQ351242.R	qnrB2_1_DQ351242	36	qnrB2_1_DQ351242	Reference	2	0
aph_6_Id_1_M28829.R	aph(6)-Id_1_M28829	37	aph_6_Id_1_M28829	Reference	808	1
aph_6_Id_4_CP000971.R	aph(6)-Id_4_CP000971	37	aph_6_Id_4_CP000971	Reference	32	0
aph_6_Id_3_AB109805.R	aph(6)-Id_3_AB109805	37	aph_6_Id_3_AB109805	Reference	3	0
aph_6_Id_5_18676889.R	aph(6)-Id_5_18676889	37	aph_6_Id_5_18676889	Reference	1	0
aph_6_Id_1_M28829.v1	aph(6)-Id_1_M28829	37	aph_6_Id_1_M28829	Variant	1	NA
tet_40_2_AM419751.v1	tet(40)_2_AM419751	38	tet_40_2_AM419751	Variant	112	NA
tet_40_1_FJ158002.R	tet(40)_1_FJ158002	38	tet_40_1_FJ158002	Reference	107	1
tet_40_2_AM419751.v2	tet(40)_2_AM419751	38	tet_40_2_AM419751	Variant	11	NA
tet_40_1_FJ158002.v1	tet(40)_1_FJ158002	38	tet_40_1_FJ158002	Variant	3	NA
tet_40_2_AM419751.R	tet(40)_2_AM419751	38	tet_40_2_AM419751	Reference	0	2
ere_A_1_AY183453.v1	ere(A)_1_AY183453	39	ere_A_1_AY183453	Variant	43	NA
ere_A_6_DQ157752.v1	ere(A)_6_DQ157752	39	ere_A_6_DQ157752	Variant	36	NA
ere_A_6_DQ157752.v2	ere(A)_6_DQ157752	39	ere_A_6_DQ157752	Variant	16	NA
ere_A_1_AY183453.R	ere(A)_1_AY183453	39	ere_A_1_AY183453	Reference	6	1
ere_A_6_DQ157752.R	ere(A)_6_DQ157752	39	ere_A_6_DQ157752	Reference	0	2
mdf_A_1_Y08743.v1	mdf(A)_1_Y08743	40	mdf_A_1_Y08743	Variant	61	NA
mdf_A_1_Y08743.v2	mdf(A)_1_Y08743	40	mdf_A_1_Y08743	Variant	5	NA
mdf_A_1_Y08743.v4	mdf(A)_1_Y08743	40	mdf_A_1_Y08743	Variant	1	NA
mdf_A_1_Y08743.v3	mdf(A)_1_Y08743	40	mdf_A_1_Y08743	Variant	1	NA
mdf_A_1_Y08743.R	mdf(A)_1_Y08743	40	mdf_A_1_Y08743	Reference	0	4
cfxA6_1_GQ342996.v1	cfxA6_1_GQ342996	41	cfxA6_1_GQ342996	Variant	88	NA
cfxA6_1_GQ342996.v4	cfxA6_1_GQ342996	41	cfxA6_1_GQ342996	Variant	7	NA
cfxA6_1_GQ342996.R	cfxA6_1_GQ342996	41	cfxA6_1_GQ342996	Reference	6	4
cfxA6_1_GQ342996.v3	cfxA6_1_GQ342996	41	cfxA6_1_GQ342996	Variant	1	NA
cfxA6_1_GQ342996.v2	cfxA6_1_GQ342996	41	cfxA6_1_GQ342996	Variant	1	NA
cfxA3_1_AF472622.R	cfxA3_1_AF472622	42	cfxA3_1_AF472622	Reference	156	1
cfxA5_1_AY769934.R	cfxA5_1_AY769934	42	cfxA5_1_AY769934	Reference	52	0
cfxA4_1_AY769933.R	cfxA4_1_AY769933	42	cfxA4_1_AY769933	Reference	28	0
cfxA3_1_AF472622.v1	cfxA3_1_AF472622	42	cfxA3_1_AF472622	Variant	2	NA
blaNPS_1_AY027589.v1	blaNPS_1_AY027589	43	blaNPS_1_AY027589	Variant	46	NA
blaLCR_1_1_X56809.R	blaLCR-1_1_X56809	43	blaLCR_1_1_X56809	Reference	38	0
blaNPS_1_AY027589.v2	blaNPS_1_AY027589	43	blaNPS_1_AY027589	Variant	28	NA
blaNPS_1_AY027589.R	blaNPS_1_AY027589	43	blaNPS_1_AY027589	Reference	17	2
dfrA22_4_AJ628423.R	dfrA22_4_AJ628423	44	dfrA22_4_AJ628423	Reference	10	0
dfrA22_3_FM957884.v1	dfrA22_3_FM957884	44	dfrA22_3_FM957884	Variant	1	NA
dfrA22_2_KF525301.R	dfrA22_2_KF525301	44	dfrA22_2_KF525301	Reference	1	0
dfrA22_3_FM957884.R	dfrA22_3_FM957884	44	dfrA22_3_FM957884	Reference	0	1
blaOXA_129_1_FJWZ01000025.R	blaOXA-129_1_FJWZ01000025	45	blaOXA_129_1_FJWZ01000025	Reference	57	3
blaOXA_129_1_FJWZ01000025.v1	blaOXA-129_1_FJWZ01000025	45	blaOXA_129_1_FJWZ01000025	Variant	13	NA
blaOXA_129_1_FJWZ01000025.v3	blaOXA-129_1_FJWZ01000025	45	blaOXA_129_1_FJWZ01000025	Variant	1	NA
blaOXA_129_1_FJWZ01000025.v2	blaOXA-129_1_FJWZ01000025	45	blaOXA_129_1_FJWZ01000025	Variant	1	NA
tet_M_7_FN433596.R	tet(M)_7_FN433596	46	tet_M_7_FN433596	Reference	77	1
tet_M_13_AM990992.R	tet(M)_13_AM990992	46	tet_M_13_AM990992	Reference	11	0
tet_M_1_X92947.R	tet(M)_1_X92947	46	tet_M_1_X92947	Reference	2	0
tet_M_7_FN433596.v1	tet(M)_7_FN433596	46	tet_M_7_FN433596	Variant	1	NA
blaACT_2_1_AM076977.R	blaACT-2_1_AM076977	47	blaACT_2_1_AM076977	Reference	6	0
blaACT_4_2_AJ311172.v1	blaACT-4_2_AJ311172	47	blaACT_4_2_AJ311172	Variant	3	NA
blaACT_3_1_EF125013.R	blaACT-3_1_EF125013	47	blaACT_3_1_EF125013	Reference	2	0
blaACT_4_2_AJ311172.R	blaACT-4_2_AJ311172	47	blaACT_4_2_AJ311172	Reference	0	1
blaSHV_12_1_KF976405.R	blaSHV-12_1_KF976405	48	blaSHV_12_1_KF976405	Reference	4	0
blaSHV_1_1_AF148850.R	blaSHV-1_1_AF148850	48	blaSHV_1_1_AF148850	Reference	2	0
blaSHV_26_1_AF227204.R	blaSHV-26_1_AF227204	48	blaSHV_26_1_AF227204	Reference	1	0
blaSHV_119_1_JX192924.R	blaSHV-119_1_JX192924	48	blaSHV_119_1_JX192924	Reference	1	0
blaOXA_276_1_APPI01000013.R	blaOXA-276_1_APPI01000013	49	blaOXA_276_1_APPI01000013	Reference	9	0
blaOXA_360_1_KF421163.R	blaOXA-360_1_KF421163	49	blaOXA_360_1_KF421163	Reference	3	0
blaOXA_277_1_APPQ01000011.R	blaOXA-277_1_APPQ01000011	49	blaOXA_277_1_APPQ01000011	Reference	2	0
blaOXA_235_1_JQ820240.R	blaOXA-235_1_JQ820240	49	blaOXA_235_1_JQ820240	Reference	2	1
lnu_F_3_AJ561197.v1	lnu(F)_3_AJ561197	50	lnu_F_3_AJ561197	Variant	31	NA
lnu_F_3_AJ561197.v3	lnu(F)_3_AJ561197	50	lnu_F_3_AJ561197	Variant	1	NA
lnu_F_3_AJ561197.v2	lnu(F)_3_AJ561197	50	lnu_F_3_AJ561197	Variant	1	NA
lnu_F_3_AJ561197.R	lnu(F)_3_AJ561197	50	lnu_F_3_AJ561197	Reference	0	3
aph_3_VI_1_KC170992.R	aph(3')-VI_1_KC170992	51	aph_3_VI_1_KC170992	Reference	10	0
aph_3_VIb_1_AJ627643.R	aph(3')-VIb_1_AJ627643	51	aph_3_VIb_1_AJ627643	Reference	4	0
aph_3_VIa_1_X07753.R	aph(3')-VIa_1_X07753	51	aph_3_VIa_1_X07753	Reference	4	1
aph_3_VIa_1_X07753.v1	aph(3')-VIa_1_X07753	51	aph_3_VIa_1_X07753	Variant	1	NA
mef_A_2_U83667.v3	mef(A)_2_U83667	52	mef_A_2_U83667	Variant	1	NA
mef_A_2_U83667.v2	mef(A)_2_U83667	52	mef_A_2_U83667	Variant	1	NA
mef_A_2_U83667.v1	mef(A)_2_U83667	52	mef_A_2_U83667	Variant	1	NA
mef_A_2_U83667.R	mef(A)_2_U83667	52	mef_A_2_U83667	Reference	1	3
fosA_3_ACWO01000079.R	fosA_3_ACWO01000079	53	fosA_3_ACWO01000079	Reference	9	1
fosA_3_ACWO01000079.v1	fosA_3_ACWO01000079	53	fosA_3_ACWO01000079	Variant	2	NA
fosA5_1_EU195449.v1	fosA5_1_EU195449	53	fosA5_1_EU195449	Variant	2	NA
fosA5_1_EU195449.R	fosA5_1_EU195449	53	fosA5_1_EU195449	Reference	0	1
tet_B_2_AF326777.R	tet(B)_2_AF326777	54	tet_B_2_AF326777	Reference	66	0
tet_B_1_AP000342.R	tet(B)_1_AP000342	54	tet_B_1_AP000342	Reference	13	2
tet_B_1_AP000342.v2	tet(B)_1_AP000342	54	tet_B_1_AP000342	Variant	1	NA
tet_B_1_AP000342.v1	tet(B)_1_AP000342	54	tet_B_1_AP000342	Variant	1	NA
aadA11_1_AY144590.R	aadA11_1_AY144590	55	aadA11_1_AY144590	Reference	471	0
aadA6_1_AF140629.R	aadA6_1_AF140629	55	aadA6_1_AF140629	Reference	360	1
aadA10_2_AM087405.R	aadA10_2_AM087405	55	aadA10_2_AM087405	Reference	2	0
aadA6_1_AF140629.v1	aadA6_1_AF140629	55	aadA6_1_AF140629	Variant	1	NA
mef_A_3_AF227520.v1	mef(A)_3_AF227520	56	mef_A_3_AF227520	Variant	44	NA
mef_A_3_AF227520.v3	mef(A)_3_AF227520	56	mef_A_3_AF227520	Variant	2	NA
mef_A_3_AF227520.v2	mef(A)_3_AF227520	56	mef_A_3_AF227520	Variant	1	NA
mef_A_3_AF227520.R	mef(A)_3_AF227520	56	mef_A_3_AF227520	Reference	0	3
erm_X_2_X51472.v1	erm(X)_2_X51472	57	erm_X_2_X51472	Variant	23	NA
erm_X_3_U21300.v1	erm(X)_3_U21300	57	erm_X_3_U21300	Variant	8	NA
erm_X_2_X51472.R	erm(X)_2_X51472	57	erm_X_2_X51472	Reference	1	1
erm_X_3_U21300.R	erm(X)_3_U21300	57	erm_X_3_U21300	Reference	0	1
aph_3_Ib_5_AF321551.R	aph(3'')-Ib_5_AF321551	58	aph_3_Ib_5_AF321551	Reference	705	1
aph_3_Ib_4_AF313472.R	aph(3'')-Ib_4_AF313472	58	aph_3_Ib_4_AF313472	Reference	165	0
aph_3_Ib_2_AF024602.R	aph(3'')-Ib_2_AF024602	58	aph_3_Ib_2_AF024602	Reference	12	0
aph_3_Ib_5_AF321551.v1	aph(3'')-Ib_5_AF321551	58	aph_3_Ib_5_AF321551	Variant	1	NA
lnu_A_1_M14039.v1	lnu(A)_1_M14039	59	lnu_A_1_M14039	Variant	4	NA
lnu_A_1_M14039.v2	lnu(A)_1_M14039	59	lnu_A_1_M14039	Variant	2	NA
lnu_A_1_M14039.v3	lnu(A)_1_M14039	59	lnu_A_1_M14039	Variant	1	NA
lnu_A_1_M14039.R	lnu(A)_1_M14039	59	lnu_A_1_M14039	Reference	0	3
dfrA14_1_KF921535.R	dfrA14_1_KF921535	60	dfrA14_1_KF921535	Reference	213	0
dfrA14_4_AF393510.R	dfrA14_4_AF393510	60	dfrA14_4_AF393510	Reference	11	0
dfrA14_5_DQ388123.v1	dfrA14_5_DQ388123	60	dfrA14_5_DQ388123	Variant	3	NA
dfrA14_5_DQ388123.R	dfrA14_5_DQ388123	60	dfrA14_5_DQ388123	Reference	0	1
blaCARB_4_1_FJ785525.v2	blaCARB-4_1_FJ785525	61	blaCARB_4_1_FJ785525	Variant	7	NA
blaCARB_4_1_FJ785525.R	blaCARB-4_1_FJ785525	61	blaCARB_4_1_FJ785525	Reference	7	3
blaCARB_4_1_FJ785525.v3	blaCARB-4_1_FJ785525	61	blaCARB_4_1_FJ785525	Variant	1	NA
blaCARB_4_1_FJ785525.v1	blaCARB-4_1_FJ785525	61	blaCARB_4_1_FJ785525	Variant	1	NA
mef_C_1_AB571865.v1	mef(C)_1_AB571865	62	mef_C_1_AB571865	Variant	323	NA
mef_C_1_AB571865.R	mef(C)_1_AB571865	62	mef_C_1_AB571865	Reference	13	3
mef_C_1_AB571865.v2	mef(C)_1_AB571865	62	mef_C_1_AB571865	Variant	3	NA
mef_C_1_AB571865.v3	mef(C)_1_AB571865	62	mef_C_1_AB571865	Variant	1	NA
mph_G_1_AB571865.v2	mph(G)_1_AB571865	63	mph_G_1_AB571865	Variant	185	NA
mph_G_1_AB571865.R	mph(G)_1_AB571865	63	mph_G_1_AB571865	Reference	102	3
mph_G_1_AB571865.v3	mph(G)_1_AB571865	63	mph_G_1_AB571865	Variant	8	NA
mph_G_1_AB571865.v1	mph(G)_1_AB571865	63	mph_G_1_AB571865	Variant	5	NA
blaCARB_2_1_M69058.R	blaCARB-2_1_M69058	64	blaCARB_2_1_M69058	Reference	125	1
blaCARB_12_1_D13210.R	blaCARB-12_1_D13210	64	blaCARB_12_1_D13210	Reference	2	0
blaCARB_2_1_M69058.v1	blaCARB-2_1_M69058	64	blaCARB_2_1_M69058	Variant	1	NA
blaCTX_M_14_1_AF252622.R	blaCTX-M-14_1_AF252622	65	blaCTX_M_14_1_AF252622	Reference	33	0
blaCTX_M_27_1_AY156923.R	blaCTX-M-27_1_AY156923	65	blaCTX_M_27_1_AY156923	Reference	2	0
blaCTX_M_14b_1_DQ359215.R	blaCTX-M-14b_1_DQ359215	65	blaCTX_M_14b_1_DQ359215	Reference	2	0
blaOXA_427_1_KX827604.v1	blaOXA-427_1_KX827604	66	blaOXA_427_1_KX827604	Variant	2	NA
blaOXA_427_1_KX827604.v2	blaOXA-427_1_KX827604	66	blaOXA_427_1_KX827604	Variant	1	NA
blaOXA_427_1_KX827604.R	blaOXA-427_1_KX827604	66	blaOXA_427_1_KX827604	Reference	0	2
tet_M_12_FR671418.R	tet(M)_12_FR671418	67	tet_M_12_FR671418	Reference	71	0
tet_M_8_X04388.v1	tet(M)_8_X04388	67	tet_M_8_X04388	Variant	70	NA
tet_M_8_X04388.R	tet(M)_8_X04388	67	tet_M_8_X04388	Reference	10	1
aac_6_Ig_1_L09246.v1	aac(6')-Ig_1_L09246	68	aac_6_Ig_1_L09246	Variant	2	NA
aac_6_Ig_1_L09246.v2	aac(6')-Ig_1_L09246	68	aac_6_Ig_1_L09246	Variant	1	NA
aac_6_Ig_1_L09246.R	aac(6')-Ig_1_L09246	68	aac_6_Ig_1_L09246	Reference	0	2
catB8_1_AF227506.R	catB8_1_AF227506	69	catB8_1_AF227506	Reference	49	2
catB8_1_AF227506.v2	catB8_1_AF227506	69	catB8_1_AF227506	Variant	17	NA
catB8_1_AF227506.v1	catB8_1_AF227506	69	catB8_1_AF227506	Variant	3	NA
cat_2_M35190.R	cat_2_M35190	70	cat_2_M35190	Reference	18	2
cat_2_M35190.v2	cat_2_M35190	70	cat_2_M35190	Variant	2	NA
cat_2_M35190.v1	cat_2_M35190	70	cat_2_M35190	Variant	2	NA
blaADC_25_1_EF016355.v2	blaADC-25_1_EF016355	71	blaADC_25_1_EF016355	Variant	1	NA
blaADC_25_1_EF016355.v1	blaADC-25_1_EF016355	71	blaADC_25_1_EF016355	Variant	1	NA
blaADC_25_1_EF016355.R	blaADC-25_1_EF016355	71	blaADC_25_1_EF016355	Reference	0	2
cmx_1_U85507.v1	cmx_1_U85507	72	cmx_1_U85507	Variant	40	NA
cmx_1_U85507.v2	cmx_1_U85507	72	cmx_1_U85507	Variant	1	NA
cmx_1_U85507.R	cmx_1_U85507	72	cmx_1_U85507	Reference	0	2
floR_2_AF118107.R	floR_2_AF118107	73	floR_2_AF118107	Reference	79	2
floR_2_AF118107.v1	floR_2_AF118107	73	floR_2_AF118107	Variant	2	NA
floR_2_AF118107.v2	floR_2_AF118107	73	floR_2_AF118107	Variant	1	NA
ere_A_2_AF099140.R	ere(A)_2_AF099140	74	ere_A_2_AF099140	Reference	392	1
ere_A_5_FN396877.R	ere(A)_5_FN396877	74	ere_A_5_FN396877	Reference	23	0
ere_A_2_AF099140.v1	ere(A)_2_AF099140	74	ere_A_2_AF099140	Variant	1	NA
aac_6_31_1_AM283489.R	aac(6')-31_1_AM283489	75	aac_6_31_1_AM283489	Reference	3	2
aac_6_31_1_AM283489.v2	aac(6')-31_1_AM283489	75	aac_6_31_1_AM283489	Variant	1	NA
aac_6_31_1_AM283489.v1	aac(6')-31_1_AM283489	75	aac_6_31_1_AM283489	Variant	1	NA
ere_D_1_KP265721.v1	ere(D)_1_KP265721	76	ere_D_1_KP265721	Variant	50	NA
ere_D_1_KP265721.R	ere(D)_1_KP265721	76	ere_D_1_KP265721	Reference	29	2
ere_D_1_KP265721.v2	ere(D)_1_KP265721	76	ere_D_1_KP265721	Variant	10	NA
nimA_1_X71444.v1	nimA_1_X71444	77	nimA_1_X71444	Variant	21	NA
nimA_1_X71444.v2	nimA_1_X71444	77	nimA_1_X71444	Variant	1	NA
nimA_1_X71444.R	nimA_1_X71444	77	nimA_1_X71444	Reference	0	2
lnu_G_1_KX470419.R	lnu(G)_1_KX470419	78	lnu_G_1_KX470419	Reference	6	2
lnu_G_1_KX470419.v2	lnu(G)_1_KX470419	78	lnu_G_1_KX470419	Variant	5	NA
lnu_G_1_KX470419.v1	lnu(G)_1_KX470419	78	lnu_G_1_KX470419	Variant	2	NA
dfrA31_1_AB200915.R	dfrA31_1_AB200915	79	dfrA31_1_AB200915	Reference	3	0
dfrA6_2_FJ905898.v1	dfrA6_2_FJ905898	79	dfrA6_2_FJ905898	Variant	2	NA
dfrA6_2_FJ905898.R	dfrA6_2_FJ905898	79	dfrA6_2_FJ905898	Reference	0	1
aac_3_IId_1_EU022314.v1	aac(3)-IId_1_EU022314	80	aac_3_IId_1_EU022314	Variant	36	NA
aac_3_IIa_1_X51534.R	aac(3)-IIa_1_X51534	80	aac_3_IIa_1_X51534	Reference	20	0
aac_3_IId_1_EU022314.R	aac(3)-IId_1_EU022314	80	aac_3_IId_1_EU022314	Reference	0	1
erm_47_1_KU612222.v2	erm(47)_1_KU612222	81	erm_47_1_KU612222	Variant	5	NA
erm_47_1_KU612222.v1	erm(47)_1_KU612222	81	erm_47_1_KU612222	Variant	1	NA
erm_47_1_KU612222.R	erm(47)_1_KU612222	81	erm_47_1_KU612222	Reference	0	2
lnu_F_1_EU118119.R	lnu(F)_1_EU118119	82	lnu_F_1_EU118119	Reference	57	2
lnu_F_1_EU118119.v1	lnu(F)_1_EU118119	82	lnu_F_1_EU118119	Variant	3	NA
lnu_F_1_EU118119.v2	lnu(F)_1_EU118119	82	lnu_F_1_EU118119	Variant	1	NA
blaCMH_3_1_KX192165.v2	blaCMH-3_1_KX192165	83	blaCMH_3_1_KX192165	Variant	1	NA
blaCMH_3_1_KX192165.v1	blaCMH-3_1_KX192165	83	blaCMH_3_1_KX192165	Variant	1	NA
blaCMH_3_1_KX192165.R	blaCMH-3_1_KX192165	83	blaCMH_3_1_KX192165	Reference	0	2
blaMIR_3_1_AY743435.R	blaMIR-3_1_AY743435	84	blaMIR_3_1_AY743435	Reference	15	1
blaMIR_5_1_FJ237367.R	blaMIR-5_1_FJ237367	84	blaMIR_5_1_FJ237367	Reference	5	0
blaMIR_3_1_AY743435.v1	blaMIR-3_1_AY743435	84	blaMIR_3_1_AY743435	Variant	1	NA
blaOKP_B_4_1_AM051153.R	blaOKP-B-4_1_AM051153	85	blaOKP_B_4_1_AM051153	Reference	4	0
blaOKP_B_3_1_AM051152.R	blaOKP-B-3_1_AM051152	85	blaOKP_B_3_1_AM051152	Reference	2	0
blaOKP_B_9_1_AM051159.R	blaOKP-B-9_1_AM051159	85	blaOKP_B_9_1_AM051159	Reference	1	0
qnrVC4_1_GQ891757.R	qnrVC4_1_GQ891757	86	qnrVC4_1_GQ891757	Reference	91	1
qnrVC5_1_JN408080.R	qnrVC5_1_JN408080	86	qnrVC5_1_JN408080	Reference	3	0
qnrVC4_1_GQ891757.v1	qnrVC4_1_GQ891757	86	qnrVC4_1_GQ891757	Variant	1	NA
blaOXA_182_1_HM640278.v1	blaOXA-182_1_HM640278	87	blaOXA_182_1_HM640278	Variant	1	NA
blaOXA_182_1_HM640278.R	blaOXA-182_1_HM640278	87	blaOXA_182_1_HM640278	Reference	0	1
blaOXA_205_1_JF800667.R	blaOXA-205_1_JF800667	88	blaOXA_205_1_JF800667	Reference	310	1
blaOXA_205_1_JF800667.v1	blaOXA-205_1_JF800667	88	blaOXA_205_1_JF800667	Variant	1	NA
aph_3_Ib_2_AJ744860.R	aph(3')-Ib_2_AJ744860	89	aph_3_Ib_2_AJ744860	Reference	58	1
aph_3_Ib_2_AJ744860.v1	aph(3')-Ib_2_AJ744860	89	aph_3_Ib_2_AJ744860	Variant	2	NA
blaOXA_46_1_AF317511.R	blaOXA-46_1_AF317511	90	blaOXA_46_1_AF317511	Reference	114	1
blaOXA_46_1_AF317511.v1	blaOXA-46_1_AF317511	90	blaOXA_46_1_AF317511	Variant	3	NA
lnu_C_1_AY928180.v1	lnu(C)_1_AY928180	91	lnu_C_1_AY928180	Variant	161	NA
lnu_C_1_AY928180.R	lnu(C)_1_AY928180	91	lnu_C_1_AY928180	Reference	0	1
lnu_D_1_EF452177.v1	lnu(D)_1_EF452177	92	lnu_D_1_EF452177	Variant	7	NA
lnu_D_1_EF452177.R	lnu(D)_1_EF452177	92	lnu_D_1_EF452177	Reference	0	1
catS_1_X74948.v1	catS_1_X74948	93	catS_1_X74948	Variant	3	NA
catS_1_X74948.R	catS_1_X74948	93	catS_1_X74948	Reference	0	1
aac_6_IIa_1_M29695.v1	aac(6')-IIa_1_M29695	94	aac_6_IIa_1_M29695	Variant	44	NA
aac_6_IIa_1_M29695.R	aac(6')-IIa_1_M29695	94	aac_6_IIa_1_M29695	Reference	0	1
catA2_1_X53796.v1	catA2_1_X53796	95	catA2_1_X53796	Variant	1	NA
catA2_1_X53796.R	catA2_1_X53796	95	catA2_1_X53796	Reference	0	1
vat_B_1_U19459.v1	vat(B)_1_U19459	96	vat_B_1_U19459	Variant	4	NA
vat_B_1_U19459.R	vat(B)_1_U19459	96	vat_B_1_U19459	Reference	0	1
aac_6_Ia_1_M18967.v1	aac(6')-Ia_1_M18967	97	aac_6_Ia_1_M18967	Variant	4	NA
aac_6_Ia_1_M18967.R	aac(6')-Ia_1_M18967	97	aac_6_Ia_1_M18967	Reference	0	1
dfrA15_2_AF221900.R	dfrA15_2_AF221900	98	dfrA15_2_AF221900	Reference	81	0
dfrA15_1_AF156486.R	dfrA15_1_AF156486	98	dfrA15_1_AF156486	Reference	18	0
fosA3_1_AB522970.R	fosA3_1_AB522970	99	fosA3_1_AB522970	Reference	9	1
fosA3_1_AB522970.v1	fosA3_1_AB522970	99	fosA3_1_AB522970	Variant	1	NA
aac_6_29a_1_AF263519.v1	aac(6')-29a_1_AF263519	100	aac_6_29a_1_AF263519	Variant	1	NA
aac_6_29a_1_AF263519.R	aac(6')-29a_1_AF263519	100	aac_6_29a_1_AF263519	Reference	0	1
dfrB2_2_AY553333.R	dfrB2_2_AY553333	101	dfrB2_2_AY553333	Reference	8	0
dfrB2_1_J01773.R	dfrB2_1_J01773	101	dfrB2_1_J01773	Reference	1	0
ARR_3_1_JF806499.R	ARR-3_1_JF806499	102	ARR_3_1_JF806499	Reference	41	0
ARR_2_1_HQ141279.R	ARR-2_1_HQ141279	102	ARR_2_1_HQ141279	Reference	13	0
dfrA1_8_X00926.R	dfrA1_8_X00926	103	dfrA1_8_X00926	Reference	141	0
dfrA1_3_GU726913.R	dfrA1_3_GU726913	103	dfrA1_3_GU726913	Reference	1	0
aac_6_Il_1_U13880.R	aac(6')-Il_1_U13880	104	aac_6_Il_1_U13880	Reference	10	1
aac_6_Il_1_U13880.v1	aac(6')-Il_1_U13880	104	aac_6_Il_1_U13880	Variant	2	NA
nimH_1_KX576455.v1	nimH_1_KX576455	105	nimH_1_KX576455	Variant	10	NA
nimH_1_KX576455.R	nimH_1_KX576455	105	nimH_1_KX576455	Reference	0	1
blaOXA_198_1_HQ634775.v1	blaOXA-198_1_HQ634775	106	blaOXA_198_1_HQ634775	Variant	1	NA
blaOXA_198_1_HQ634775.R	blaOXA-198_1_HQ634775	106	blaOXA_198_1_HQ634775	Reference	0	1
blaOXA_85_1_JANA01000064.v1	blaOXA-85_1_JANA01000064	107	blaOXA_85_1_JANA01000064	Variant	12	NA
blaOXA_85_1_JANA01000064.R	blaOXA-85_1_JANA01000064	107	blaOXA_85_1_JANA01000064	Reference	0	1
aac_3_IV_1_DQ241380.R	aac(3)-IV_1_DQ241380	108	aac_3_IV_1_DQ241380	Reference	7	0
aac_3_IVa_1_X01385.R	aac(3)-IVa_1_X01385	108	aac_3_IVa_1_X01385	Reference	1	0
aadA11_2_AJ567827.v1	aadA11_2_AJ567827	109	aadA11_2_AJ567827	Variant	8	NA
aadA11_2_AJ567827.R	aadA11_2_AJ567827	109	aadA11_2_AJ567827	Reference	0	1
aph_3_III_1_M26832.R	aph(3')-III_1_M26832	110	aph_3_III_1_M26832	Reference	206	1
aph_3_III_1_M26832.v1	aph(3')-III_1_M26832	110	aph_3_III_1_M26832	Variant	1	NA
aph_3_XV_1_Y18050.R	aph(3')-XV_1_Y18050	111	aph_3_XV_1_Y18050	Reference	40	1
aph_3_XV_1_Y18050.v1	aph(3')-XV_1_Y18050	111	aph_3_XV_1_Y18050	Variant	1	NA
ampH_2_HQ586946.v1	ampH_2_HQ586946	112	ampH_2_HQ586946	Variant	1	NA
ampH_2_HQ586946.R	ampH_2_HQ586946	112	ampH_2_HQ586946	Reference	0	1
blaIMP_4_1_AF244145.R	blaIMP-4_1_AF244145	113	blaIMP_4_1_AF244145	Reference	1	0
blaIMP_26_1_GU045307.R	blaIMP-26_1_GU045307	113	blaIMP_26_1_GU045307	Reference	1	0
qnrA1_1_AY070235.v1	qnrA1_1_AY070235	114	qnrA1_1_AY070235	Variant	1	NA
qnrA1_1_AY070235.R	qnrA1_1_AY070235	114	qnrA1_1_AY070235	Reference	1	1
cat_pC194_1_NC_002013.v1	cat(pC194)_1_NC_002013	115	cat_pC194_1_NC_002013	Variant	12	NA
cat_pC194_1_NC_002013.R	cat(pC194)_1_NC_002013	115	cat_pC194_1_NC_002013	Reference	0	1
cat_5_U35036.v1	cat_5_U35036	116	cat_5_U35036	Variant	5	NA
cat_5_U35036.R	cat_5_U35036	116	cat_5_U35036	Reference	2	1
qnrVC1_1_EU436855.R	qnrVC1_1_EU436855	117	qnrVC1_1_EU436855	Reference	23	0
qnrVC6_1_KC202804.R	qnrVC6_1_KC202804	117	qnrVC6_1_KC202804	Reference	1	0
erm_C_12_Y09003.v1	erm(C)_12_Y09003	118	erm_C_12_Y09003	Variant	1	NA
erm_C_12_Y09003.R	erm(C)_12_Y09003	118	erm_C_12_Y09003	Reference	0	1
catQ_1_M55620.v1	catQ_1_M55620	119	catQ_1_M55620	Variant	74	NA
catQ_1_M55620.R	catQ_1_M55620	119	catQ_1_M55620	Reference	64	1
catA1_1_V00622.v1	catA1_1_V00622	120	catA1_1_V00622	Variant	24	NA
catA1_1_V00622.R	catA1_1_V00622	120	catA1_1_V00622	Reference	0	1
aph_2_Ib_1_AF337947.v1	aph(2'')-Ib_1_AF337947	121	aph_2_Ib_1_AF337947	Variant	1	NA
aph_2_Ib_1_AF337947.R	aph(2'')-Ib_1_AF337947	121	aph_2_Ib_1_AF337947	Reference	0	1
mcr_3_18_1_MH332768.R	mcr-3.18_1_MH332768	122	mcr_3_18_1_MH332768	Reference	1	0
mcr_3_16_1_MH332766.R	mcr-3.16_1_MH332766	122	mcr_3_16_1_MH332766	Reference	1	0
aph_2_Id_1_AF016483.R	aph(2'')-Id_1_AF016483	123	aph_2_Id_1_AF016483	Reference	3	0
aph_2_Ie_1_AY743255.R	aph(2'')-Ie_1_AY743255	123	aph_2_Ie_1_AY743255	Reference	1	0
blaBRO_2_1_Z54181.R	blaBRO-2_1_Z54181	124	blaBRO_2_1_Z54181	Reference	43	1
blaBRO_2_1_Z54181.v1	blaBRO-2_1_Z54181	124	blaBRO_2_1_Z54181	Variant	2	NA
cmlB1_1_AM296481.v1	cmlB1_1_AM296481	125	cmlB1_1_AM296481	Variant	26	NA
cmlB1_1_AM296481.R	cmlB1_1_AM296481	125	cmlB1_1_AM296481	Reference	1	1
blaRAHN_1_1_GU645205.v1	blaRAHN-1_1_GU645205	126	blaRAHN_1_1_GU645205	Variant	1	NA
blaRAHN_1_1_GU645205.R	blaRAHN-1_1_GU645205	126	blaRAHN_1_1_GU645205	Reference	1	1
vga_B_1_U82085.v1	vga(B)_1_U82085	127	vga_B_1_U82085	Variant	3	NA
vga_B_1_U82085.R	vga(B)_1_U82085	127	vga_B_1_U82085	Reference	0	1
ant_6_Ia_3_KF864551.R	ant(6)-Ia_3_KF864551	128	ant_6_Ia_3_KF864551	Reference	287	1
ant_6_Ia_3_KF864551.v1	ant(6)-Ia_3_KF864551	128	ant_6_Ia_3_KF864551	Variant	1	NA
blaOXY_4_1_1_AY077481.v1	blaOXY-4-1_1_AY077481	129	blaOXY_4_1_1_AY077481	Variant	1	NA
blaOXY_4_1_1_AY077481.R	blaOXY-4-1_1_AY077481	129	blaOXY_4_1_1_AY077481	Reference	0	1
blaCTX_M_15_1_AY044436.R	blaCTX-M-15_1_AY044436	130	blaCTX_M_15_1_AY044436	Reference	47	0
blaCTX_M_3_1_Y10278.R	blaCTX-M-3_1_Y10278	130	blaCTX_M_3_1_Y10278	Reference	4	0
mcr_4_3_1_MG026621.R	mcr-4.3_1_MG026621	131	mcr_4_3_1_MG026621	Reference	2	1
mcr_4_3_1_MG026621.v1	mcr-4.3_1_MG026621	131	mcr_4_3_1_MG026621	Variant	1	NA
tet_E_2_L06940.v1	tet(E)_2_L06940	132	tet_E_2_L06940	Variant	5	NA
tet_E_2_L06940.R	tet(E)_2_L06940	132	tet_E_2_L06940	Reference	0	1
tet_E_3_CP000645.R	tet(E)_3_CP000645	133	tet_E_3_CP000645	Reference	6	1
tet_E_3_CP000645.v1	tet(E)_3_CP000645	133	tet_E_3_CP000645	Variant	2	NA
tet_X4_1_MK134376.R	tet(X4)_1_MK134376	134	tet_X4_1_MK134376	Reference	2	0
tet_X_2_M37699.R	tet(X)_2_M37699	134	tet_X_2_M37699	Reference	1	0
tet_G_2_AF133140.R	tet(G)_2_AF133140	135	tet_G_2_AF133140	Reference	222	1
tet_G_2_AF133140.v1	tet(G)_2_AF133140	135	tet_G_2_AF133140	Variant	1	NA
blaACC_1a_1_AF180953.v1	blaACC-1a_1_AF180953	136	blaACC_1a_1_AF180953	Variant	1	NA
blaACC_1a_1_AF180953.R	blaACC-1a_1_AF180953	136	blaACC_1a_1_AF180953	Reference	0	1
blaCMY_83_1_JX440351.R	blaCMY-83_1_JX440351	137	blaCMY_83_1_JX440351	Reference	1	0
blaCMY_70_1_JX440350.R	blaCMY-70_1_JX440350	137	blaCMY_70_1_JX440350	Reference	1	0
blaCMG_1_AY265892.v1	blaCMG_1_AY265892	138	blaCMG_1_AY265892	Variant	1	NA
blaCMG_1_AY265892.R	blaCMG_1_AY265892	138	blaCMG_1_AY265892	Reference	0	1
blaDES_1_1_AF426161.v1	blaDES-1_1_AF426161	139	blaDES_1_1_AF426161	Variant	1	NA
blaDES_1_1_AF426161.R	blaDES-1_1_AF426161	139	blaDES_1_1_AF426161	Reference	0	1
tet_X_3_AB097942.v1	tet(X)_3_AB097942	140	tet_X_3_AB097942	Variant	1	NA
tet_X_3_AB097942.R	tet(X)_3_AB097942	140	tet_X_3_AB097942	Reference	0	1
blaCMY_48_1_HM569226.R	blaCMY-48_1_HM569226	141	blaCMY_48_1_HM569226	Reference	2	0
blaCMY_152_1_KY978224.R	blaCMY-152_1_KY978224	141	blaCMY_152_1_KY978224	Reference	1	0
blaACT_16_1_AB737978.R	blaACT-16_1_AB737978	142	blaACT_16_1_AB737978	Reference	4	1
blaACT_16_1_AB737978.v1	blaACT-16_1_AB737978	142	blaACT_16_1_AB737978	Variant	1	NA
sul4_1_MG649393.R	sul4_1_MG649393	143	sul4_1_MG649393	Reference	91	1
sul4_1_MG649393.v1	sul4_1_MG649393	143	sul4_1_MG649393	Variant	5	NA
tet_44_1_NZ_ABDU01000081.R	tet(44)_1_NZ_ABDU01000081	144	tet_44_1_NZ_ABDU01000081	Reference	9	0
tet_44_2_FN594949.R	tet(44)_2_FN594949	144	tet_44_2_FN594949	Reference	1	0
str_1_X92946.R	str_1_X92946	145	str_1_X92946	Reference	16	0
str_2_FN435330.R	str_2_FN435330	145	str_2_FN435330	Reference	1	0
VanG2XY_1_FJ872410.v1	VanG2XY_1_FJ872410	146	VanG2XY_1_FJ872410	Variant	1	NA
VanG2XY_1_FJ872410.R	VanG2XY_1_FJ872410	146	VanG2XY_1_FJ872410	Reference	0	1
tet_32_2_EF626943.R	tet(32)_2_EF626943	147	tet_32_2_EF626943	Reference	346	0
tet_32_1_EU722333.R	tet(32)_1_EU722333	147	tet_32_1_EU722333	Reference	211	0
blaOXA_282_1_APQS01000019.R	blaOXA-282_1_APQS01000019	148	blaOXA_282_1_APQS01000019	Reference	7	0
blaOXA_283_1_AYHO01000005.R	blaOXA-283_1_AYHO01000005	148	blaOXA_283_1_AYHO01000005	Reference	1	0
tetB_P_1_NC_010937.v1	tetB(P)_1_NC_010937	149	tetB_P_1_NC_010937	Variant	1	NA
tetB_P_1_NC_010937.R	tetB(P)_1_NC_010937	149	tetB_P_1_NC_010937	Reference	0	1
tet_S_2_L09756.R	tet(S)_2_L09756	150	tet_S_2_L09756	Reference	6	0
tet_S_M_2_AY534326.R	tet(S/M)_2_AY534326	150	tet_S_M_2_AY534326	Reference	1	0
erm_36_1_AF462611.v1	erm(36)_1_AF462611	151	erm_36_1_AF462611	Variant	1	NA
erm_36_1_AF462611.R	erm(36)_1_AF462611	151	erm_36_1_AF462611	Reference	0	1
blaOXA_58_1_AY665723.R	blaOXA-58_1_AY665723	152	blaOXA_58_1_AY665723	Reference	307	0
blaOXA_420_1_AB983359.R	blaOXA-420_1_AB983359	152	blaOXA_420_1_AB983359	Reference	35	0
oqxB_1_EU370913.v1	oqxB_1_EU370913	153	oqxB_1_EU370913	Variant	1	NA
oqxB_1_EU370913.R	oqxB_1_EU370913	153	oqxB_1_EU370913	Reference	0	1
blaACI_1_1_AJ007350.R	blaACI-1_1_AJ007350	154	blaACI_1_1_AJ007350	Reference	214	1
blaACI_1_1_AJ007350.v1	blaACI-1_1_AJ007350	154	blaACI_1_1_AJ007350	Variant	2	NA
msr_E_1_FR751518.R	msr(E)_1_FR751518	NA	msr_E_1_FR751518	Reference	877	0
mph_E_1_DQ839391.R	mph(E)_1_DQ839391	NA	mph_E_1_DQ839391	Reference	872	0
tet_39_1_KT346360.R	tet(39)_1_KT346360	NA	tet_39_1_KT346360	Reference	767	0
blaOXA_2_1_DQ112222.R	blaOXA-2_1_DQ112222	NA	blaOXA_2_1_DQ112222	Reference	604	0
aadA13_1_AY713504.R	aadA13_1_AY713504	NA	aadA13_1_AY713504	Reference	369	0
catB3_2_U13880.R	catB3_2_U13880	NA	catB3_2_U13880	Reference	316	0
aadA24_1_AM711129.R	aadA24_1_AM711129	NA	aadA24_1_AM711129	Reference	300	0
qnrS2_1_DQ485530.R	qnrS2_1_DQ485530	NA	qnrS2_1_DQ485530	Reference	288	0
blaOXA_347_1_ACWG01000053.R	blaOXA-347_1_ACWG01000053	NA	blaOXA_347_1_ACWG01000053	Reference	212	0
qnrB19_1_EU432277.R	qnrB19_1_EU432277	NA	qnrB19_1_EU432277	Reference	118	0
blaOXA_21_1_AB626885.R	blaOXA-21_1_AB626885	NA	blaOXA_21_1_AB626885	Reference	115	0
qnrS1_1_AB187515.R	qnrS1_1_AB187515	NA	qnrS1_1_AB187515	Reference	112	0
ant_6_Ia_2_KF421157.R	ant(6)-Ia_2_KF421157	NA	ant_6_Ia_2_KF421157	Reference	100	0
blaOXA_20_2_AF024602.R	blaOXA-20_2_AF024602	NA	blaOXA_20_2_AF024602	Reference	94	0
qnrD1_1_FJ228229.R	qnrD1_1_FJ228229	NA	qnrD1_1_FJ228229	Reference	80	0
dfrA17_1_FJ460238.R	dfrA17_1_FJ460238	NA	dfrA17_1_FJ460238	Reference	62	0
catB2_1_AF047479.R	catB2_1_AF047479	NA	catB2_1_AF047479	Reference	62	0
ant_6_Ia_1_AF330699.R	ant(6)-Ia_1_AF330699	NA	ant_6_Ia_1_AF330699	Reference	56	0
dfrB5_1_AY943084.R	dfrB5_1_AY943084	NA	dfrB5_1_AY943084	Reference	55	0
tet_H_3_Y15510.R	tet(H)_3_Y15510	NA	tet_H_3_Y15510	Reference	52	0
dfrG_1_AB205645.R	dfrG_1_AB205645	NA	dfrG_1_AB205645	Reference	42	0
nimE_1_AM042593.R	nimE_1_AM042593	NA	nimE_1_AM042593	Reference	40	0
dfrA5_1_X12868.R	dfrA5_1_X12868	NA	dfrA5_1_X12868	Reference	35	0
blaBEL_1_1_DQ089809.R	blaBEL-1_1_DQ089809	NA	blaBEL_1_1_DQ089809	Reference	35	0
erm_T_2_AY894138.R	erm(T)_2_AY894138	NA	erm_T_2_AY894138	Reference	33	0
sul3_2_AJ459418.R	sul3_2_AJ459418	NA	sul3_2_AJ459418	Reference	31	0
mph_F_1_AM260957.R	mph(F)_1_AM260957	NA	mph_F_1_AM260957	Reference	25	0
tet_X3_1_MK134375.R	tet(X3)_1_MK134375	NA	tet_X3_1_MK134375	Reference	24	0
blaDHA_1_1_Y16410.R	blaDHA-1_1_Y16410	NA	blaDHA_1_1_Y16410	Reference	23	0
cfr_C_2_CANB01000378.R	cfr(C)_2_CANB01000378	NA	cfr_C_2_CANB01000378	Reference	22	0
ant_6_Ib_1_FN594949.R	ant(6)-Ib_1_FN594949	NA	ant_6_Ib_1_FN594949	Reference	22	0
tet_D_1_AF467077.R	tet(D)_1_AF467077	NA	tet_D_1_AF467077	Reference	21	0
tet_31_1_GQ283908.R	tet(31)_1_GQ283908	NA	tet_31_1_GQ283908	Reference	19	0
tet_L_2_M29725.R	tet(L)_2_M29725	NA	tet_L_2_M29725	Reference	17	0
aac_6_IIc_1_NC_012555.R	aac(6')-IIc_1_NC_012555	NA	aac_6_IIc_1_NC_012555	Reference	17	0
qnrB4_1_DQ303921.R	qnrB4_1_DQ303921	NA	qnrB4_1_DQ303921	Reference	16	0
dfrA19_1_EU855687.R	dfrA19_1_EU855687	NA	dfrA19_1_EU855687	Reference	16	0
dfrA12_8_AM040708.R	dfrA12_8_AM040708	NA	dfrA12_8_AM040708	Reference	16	0
blaOXA_9_1_KQ089875.R	blaOXA-9_1_KQ089875	NA	blaOXA_9_1_KQ089875	Reference	16	0
mcr_5_1_1_KY807921.R	mcr-5.1_1_KY807921	NA	mcr_5_1_1_KY807921	Reference	15	0
cat_3_S48276.R	cat_3_S48276	NA	cat_3_S48276	Reference	15	0
tet_Y_1_EF495198.R	tet(Y)_1_EF495198	NA	tet_Y_1_EF495198	Reference	13	0
dfrA16_2_AF174129.R	dfrA16_2_AF174129	NA	dfrA16_2_AF174129	Reference	13	0
blaOXA_48_1_AY236073.R	blaOXA-48_1_AY236073	NA	blaOXA_48_1_AY236073	Reference	12	0
aac_3_If_1_AY884051.R	aac(3)-If_1_AY884051	NA	aac_3_If_1_AY884051	Reference	12	0
blaKPC_2_1_AY034847.R	blaKPC-2_1_AY034847	NA	blaKPC_2_1_AY034847	Reference	11	0
aph_4_Ia_1_V01499.R	aph(4)-Ia_1_V01499	NA	aph_4_Ia_1_V01499	Reference	9	0
aac_6_Im_1_AF337947.R	aac(6')-Im_1_AF337947	NA	aac_6_Im_1_AF337947	Reference	9	0
dfrA21_1_AY552589.R	dfrA21_1_AY552589	NA	dfrA21_1_AY552589	Reference	8	0
dfrB1_1_U36276.R	dfrB1_1_U36276	NA	dfrB1_1_U36276	Reference	7	0
dfrA32_1_GU067642.R	dfrA32_1_GU067642	NA	dfrA32_1_GU067642	Reference	7	0
blaOXA_5_1_AF347074.R	blaOXA-5_1_AF347074	NA	blaOXA_5_1_AF347074	Reference	7	0
blaNDM_1_1_FN396876.R	blaNDM-1_1_FN396876	NA	blaNDM_1_1_FN396876	Reference	7	0
aac_3_Id_1_AB114632.R	aac(3)-Id_1_AB114632	NA	aac_3_Id_1_AB114632	Reference	7	0
dfrA7_1_AB161450.R	dfrA7_1_AB161450	NA	dfrA7_1_AB161450	Reference	6	0
dfrA27_1_FJ459817.R	dfrA27_1_FJ459817	NA	dfrA27_1_FJ459817	Reference	5	0
VanHAX_2_M97297.R	VanHAX_2_M97297	NA	VanHAX_2_M97297	Reference	5	0
mcr_9_1_NZ_NAAN01000063_1.R	mcr-9_1_NZ_NAAN01000063.1	NA	mcr_9_1_NZ_NAAN01000063_1	Reference	4	0
dfrA20_1_AJ605332.R	dfrA20_1_AJ605332	NA	dfrA20_1_AJ605332	Reference	4	0
blaOXA_278_1_KC771279.R	blaOXA-278_1_KC771279	NA	blaOXA_278_1_KC771279	Reference	4	0
aadA10_1_U37105.R	aadA10_1_U37105	NA	aadA10_1_U37105	Reference	4	0
qnrB38_1_JN173060.R	qnrB38_1_JN173060	NA	qnrB38_1_JN173060	Reference	3	0
fosE_1_AB901041.R	fosE_1_AB901041	NA	fosE_1_AB901041	Reference	3	0
fosA4_1_AB908992.R	fosA4_1_AB908992	NA	fosA4_1_AB908992	Reference	3	0
dfrA25_1_DQ267940.R	dfrA25_1_DQ267940	NA	dfrA25_1_DQ267940	Reference	3	0
blaVIM_4_1_EU581706.R	blaVIM-4_1_EU581706	NA	blaVIM_4_1_EU581706	Reference	3	0
blaMOX_2_1_AJ276453.R	blaMOX-2_1_AJ276453	NA	blaMOX_2_1_AJ276453	Reference	3	0
mcr_1_1_1_KP347127.R	mcr-1.1_1_KP347127	NA	mcr_1_1_1_KP347127	Reference	2	0
dfrA8_1_U10186.R	dfrA8_1_U10186	NA	dfrA8_1_U10186	Reference	2	0
catP_1_U15027.R	catP_1_U15027	NA	catP_1_U15027	Reference	2	0
blaVIM_2_1_AF302086.R	blaVIM-2_1_AF302086	NA	blaVIM_2_1_AF302086	Reference	2	0
blaTER_2_1_FJ263090.R	blaTER-2_1_FJ263090	NA	blaTER_2_1_FJ263090	Reference	2	0
blaOXA_362_1_KF460532.R	blaOXA-362_1_KF460532	NA	blaOXA_362_1_KF460532	Reference	2	0
blaOXA_296_1_APOH01000009.R	blaOXA-296_1_APOH01000009	NA	blaOXA_296_1_APOH01000009	Reference	2	0
aph_6_Ic_1_X01702.R	aph(6)-Ic_1_X01702	NA	aph_6_Ic_1_X01702	Reference	2	0
aph_3_IIa_2_V00618.R	aph(3')-IIa_2_V00618	NA	aph_3_IIa_2_V00618	Reference	2	0
aac_3_Ib_1_L06157.R	aac(3)-Ib_1_L06157	NA	aac_3_Ib_1_L06157	Reference	2	0
tet_36_1_AJ514254.R	tet(36)_1_AJ514254	NA	tet_36_1_AJ514254	Reference	1	0
rmtB_1_AB103506.R	rmtB_1_AB103506	NA	rmtB_1_AB103506	Reference	1	0
mph_B_1_D85892.R	mph(B)_1_D85892	NA	mph_B_1_D85892	Reference	1	0
lnu_E_1_KF287643.R	lnu(E)_1_KF287643	NA	lnu_E_1_KF287643	Reference	1	0
ere_B_2_X03988.R	ere(B)_2_X03988	NA	ere_B_2_X03988	Reference	1	0
dfrK_2_FN677369.R	dfrK_2_FN677369	NA	dfrK_2_FN677369	Reference	1	0
dfrB7_1_DQ993182.R	dfrB7_1_DQ993182	NA	dfrB7_1_DQ993182	Reference	1	0
dfrA26_1_AM403715.R	dfrA26_1_AM403715	NA	dfrA26_1_AM403715	Reference	1	0
dfrA23_1_AJ746361.R	dfrA23_1_AJ746361	NA	dfrA23_1_AJ746361	Reference	1	0
dfrA10_1_L06418.R	dfrA10_1_L06418	NA	dfrA10_1_L06418	Reference	1	0
blaSCO_1_1_EF063111.R	blaSCO-1_1_EF063111	NA	blaSCO_1_1_EF063111	Reference	1	0
blaROB_1_2_AF022114.R	blaROB-1_2_AF022114	NA	blaROB_1_2_AF022114	Reference	1	0
blaOXA_72_1_AY739646.R	blaOXA-72_1_AY739646	NA	blaOXA_72_1_AY739646	Reference	1	0
blaOXA_275_1_APPJ01000001.R	blaOXA-275_1_APPJ01000001	NA	blaOXA_275_1_APPJ01000001	Reference	1	0
blaOXA_235_1_JQ820240.v1	blaOXA-235_1_JQ820240	NA	blaOXA_235_1_JQ820240	Variant	1	NA
blaOXA_181_1_CM004561.R	blaOXA-181_1_CM004561	NA	blaOXA_181_1_CM004561	Reference	1	0
blaOXA_120_1_EU255289.R	blaOXA-120_1_EU255289	NA	blaOXA_120_1_EU255289	Reference	1	0
blaIMP_13_1_AJ550807.R	blaIMP-13_1_AJ550807	NA	blaIMP_13_1_AJ550807	Reference	1	0
blaFOX_3_1_Y11068.R	blaFOX-3_1_Y11068	NA	blaFOX_3_1_Y11068	Reference	1	0
blaEBR_1_1_AF416700.R	blaEBR-1_1_AF416700	NA	blaEBR_1_1_AF416700	Reference	1	0
aac_6_Iq_1_AF047556.R	aac(6')-Iq_1_AF047556	NA	aac_6_Iq_1_AF047556	Reference	1	0
aac_3_VIa_2_NC_009838.R	aac(3)-VIa_2_NC_009838	NA	aac_3_VIa_2_NC_009838	Reference	1	0
aac_3_Ic_1_AJ511268.R	aac(3)-Ic_1_AJ511268	NA	aac_3_Ic_1_AJ511268	Reference	1	0
aac_2_IIa_1_AB669090.R	aac(2')-IIa_1_AB669090	NA	aac_2_IIa_1_AB669090	Reference	1	0
